,filename
0,abstract_yellow (44).jpg
1,Flower (47).jpg
2,yellow_macro (24).jpg
3,abstract_red (38).jpg
4,Fall (21).jpg
5,Flower (27).jpg
6,green_macro (5).jpg
7,abstract_yellow (71).jpg
8,abstract_yellow (20).jpg
9,abstract_green (52).jpg
10,abstract_brown (3).jpg
11,Fall (85).jpg
12,abstract_red (50).jpg
13,abstract_red (25).jpg
14,abstract_blue (26).jpg
15,blue_macro (48).jpg
16,abstract_green (55).jpg
17,blue_macro (50).jpg
18,blue_macro (18).jpg
19,Fall (68).jpg
20,yellow_macro (4).jpg
21,abstract_red (42).jpg
22,red_macro (34).jpg
23,blue_macro (1).jpg
24,Flower (57).jpg
25,abstract_brown (6).jpg
26,abstract_green (10).jpg
27,Flower (16).jpg
28,abstract_blue (16).jpg
29,abstract_red (58).jpg
30,abstract_brown (4).jpg
31,Flower (32).jpg
32,Fall (1).jpg
33,abstract_brown (64).jpg
34,abstract_green (72).jpg
35,red_macro (2).jpg
36,red_macro (4).jpg
37,abstract_yellow (5).jpg
38,abstract_brown (14).jpg
39,green_macro (15).jpg
40,abstract_green (58).jpg
41,Fall (39).jpg
42,Fall (82).jpg
43,red_macro (32).jpg
44,Fall (69).jpg
45,abstract_red (47).jpg
46,Flower (18).jpg
47,abstract_blue (50).jpg
48,abstract_green (19).jpg
49,abstract_yellow (66).jpg
50,abstract_brown (50).jpg
51,black_macro (26).jpg
52,Fall (16).jpg
53,abstract_blue (40).jpg
54,abstract_green (40).jpg
55,abstract_yellow (72).jpg
56,Fall (49).jpg
57,blue_macro (21).jpg
58,abstract_yellow (62).jpg
59,abstract_red (5).jpg
60,abstract_green (39).jpg
61,yellow_macro (3).jpg
62,red_macro (16).jpg
63,abstract_green (44).jpg
64,abstract_brown (37).jpg
65,abstract_red (59).jpg
66,abstract_yellow (31).jpg
67,abstract_blue (41).jpg
68,abstract_red (51).jpg
69,red_macro (30).jpg
70,abstract_red (39).jpg
71,abstract_red (4).jpg
72,blue_macro (45).jpg
73,blue_macro (9).jpg
74,abstract_red (79).jpg
75,Flower (48).jpg
76,abstract_green (34).jpg
77,green_macro (38).jpg
78,abstract_brown (10).jpg
79,abstract_brown (42).jpg
80,abstract_yellow (13).jpg
81,blue_macro (8).jpg
82,Flower (25).jpg
83,Fall (74).jpg
84,Flower (20).jpg
85,abstract_red (46).jpg
86,abstract_red (12).jpg
87,blue_macro (30).jpg
88,Fall (84).jpg
89,abstract_blue (30).jpg
90,blue_macro (40).jpg
91,abstract_red (53).jpg
92,abstract_blue (43).jpg
93,Fall (65).jpg
94,green_macro (33).jpg
95,abstract_blue (18).jpg
96,Fall (14).jpg
97,abstract_yellow (21).jpg
98,abstract_yellow (17).jpg
99,abstract_red (17).jpg
100,red_macro (33).jpg
101,abstract_blue (67).jpg
102,abstract_blue (29).jpg
103,abstract_green (32).jpg
104,Flower (13).jpg
105,abstract_brown (59).jpg
106,abstract_yellow (54).jpg
107,green_macro (16).jpg
108,abstract_red (36).jpg
109,green_macro (10).jpg
110,abstract_brown (65).jpg
111,green_macro (1).jpg
112,abstract_blue (49).jpg
113,abstract_yellow (39).jpg
114,abstract_yellow (63).jpg
115,abstract_blue (24).jpg
116,abstract_red (52).jpg
117,red_macro (12).jpg
118,abstract_green (46).jpg
119,green_macro (24).jpg
120,Fall (73).jpg
121,abstract_yellow (43).jpg
122,Fall (42).jpg
123,abstract_blue (45).jpg
124,blue_macro (27).jpg
125,abstract_brown (35).jpg
126,abstract_green (9).jpg
127,Fall (55).jpg
128,abstract_brown (66).jpg
129,abstract_brown (63).jpg
130,Flower (44).jpg
131,abstract_green (7).jpg
132,green_macro (11).jpg
133,abstract_red (26).jpg
134,abstract_blue (37).jpg
135,abstract_red (27).jpg
136,Fall (29).jpg
137,abstract_yellow (45).jpg
138,yellow_macro (12).jpg
139,abstract_brown (8).jpg
140,Fall (9).jpg
141,abstract_yellow (59).jpg
142,abstract_blue (3).jpg
143,black_macro (8).jpg
144,green_macro (23).jpg
145,Flower (30).jpg
146,abstract_yellow (68).jpg
147,green_macro (29).jpg
148,abstract_blue (48).jpg
149,green_macro (30).jpg
150,abstract_brown (5).jpg
151,abstract_red (6).jpg
152,red_macro (29).jpg
153,abstract_green (81).jpg
154,blue_macro (24).jpg
155,red_macro (11).jpg
156,abstract_yellow (42).jpg
157,Fall (57).jpg
158,abstract_brown (41).jpg
159,Flower (59).jpg
160,yellow_macro (6).jpg
161,red_macro (5).jpg
162,blue_macro (25).jpg
163,abstract_blue (4).jpg
164,Flower (81).jpg
165,abstract_brown (44).jpg
166,Fall (23).jpg
167,blue_macro (14).jpg
168,green_macro (34).jpg
169,Flower (26).jpg
170,abstract_green (61).jpg
171,abstract_green (83).jpg
172,yellow_macro (1).jpg
173,abstract_red (40).jpg
174,abstract_green (57).jpg
175,abstract_yellow (49).jpg
176,black_macro (9).jpg
177,Fall (20).jpg
178,Flower (73).jpg
179,green_macro (13).jpg
180,yellow_macro (2).jpg
181,abstract_red (3).jpg
182,abstract_red (19).jpg
183,black_macro (3).jpg
184,abstract_yellow (61).jpg
185,Flower (77).jpg
186,red_macro (26).jpg
187,black_macro (11).jpg
188,abstract_blue (64).jpg
189,abstract_brown (36).jpg
190,Flower (63).jpg
191,Fall (41).jpg
192,Fall (81).jpg
193,abstract_green (17).jpg
194,Flower (62).jpg
195,Flower (35).jpg
196,Fall (7).jpg
197,blue_macro (35).jpg
198,abstract_blue (62).jpg
199,green_macro (25).jpg
200,Flower (38).jpg
201,abstract_yellow (12).jpg
202,abstract_brown (69).jpg
203,Flower (23).jpg
204,abstract_green (1).jpg
205,Fall (59).jpg
206,abstract_red (76).jpg
207,abstract_red (11).jpg
208,abstract_red (22).jpg
209,blue_macro (7).jpg
210,green_macro (7).jpg
211,black_macro (13).jpg
212,green_macro (9).jpg
213,red_macro (17).jpg
214,abstract_brown (19).jpg
215,abstract_red (33).jpg
216,Flower (14).jpg
217,abstract_red (78).jpg
218,abstract_red (18).jpg
219,red_macro (21).jpg
220,green_macro (32).jpg
221,abstract_yellow (28).jpg
222,abstract_yellow (18).jpg
223,abstract_yellow (55).jpg
224,abstract_blue (31).jpg
225,abstract_yellow (32).jpg
226,abstract_red (24).jpg
227,black_macro (14).jpg
228,abstract_yellow (56).jpg
229,Fall (60).jpg
230,Fall (77).jpg
231,Fall (63).jpg
232,abstract_green (31).jpg
233,abstract_yellow (64).jpg
234,blue_macro (38).jpg
235,abstract_brown (13).jpg
236,Flower (78).jpg
237,blue_macro (36).jpg
238,red_macro (19).jpg
239,blue_macro (5).jpg
240,Flower (75).jpg
241,Fall (22).jpg
242,abstract_red (74).jpg
243,black_macro (4).jpg
244,abstract_blue (52).jpg
245,Fall (52).jpg
246,abstract_red (65).jpg
247,abstract_green (65).jpg
248,abstract_green (4).jpg
249,abstract_yellow (16).jpg
250,black_macro (5).jpg
251,red_macro (10).jpg
252,yellow_macro (21).jpg
253,abstract_red (44).jpg
254,abstract_red (15).jpg
255,black_macro (1).jpg
256,Flower (54).jpg
257,yellow_macro (10).jpg
258,abstract_blue (10).jpg
259,blue_macro (2).jpg
260,abstract_blue (54).jpg
261,red_macro (18).jpg
262,yellow_macro (7).jpg
263,Flower (51).jpg
264,abstract_brown (56).jpg
265,Fall (30).jpg
266,Fall (56).jpg
267,abstract_brown (24).jpg
268,abstract_yellow (48).jpg
269,abstract_green (13).jpg
270,abstract_brown (20).jpg
271,abstract_green (38).jpg
272,abstract_brown (28).jpg
273,green_macro (6).jpg
274,abstract_brown (60).jpg
275,yellow_macro (11).jpg
276,abstract_red (10).jpg
277,blue_macro (44).jpg
278,Flower (6).jpg
279,black_macro (19).jpg
280,Fall (6).jpg
281,abstract_green (11).jpg
282,Fall (75).jpg
283,Flower (19).jpg
284,blue_macro (26).jpg
285,Flower (22).jpg
286,green_macro (39).jpg
287,green_macro (40).jpg
288,black_macro (16).jpg
289,Flower (64).jpg
290,Flower (1).jpg
291,red_macro (27).jpg
292,abstract_yellow (26).jpg
293,abstract_red (72).jpg
294,blue_macro (11).jpg
295,abstract_green (53).jpg
296,abstract_blue (32).jpg
297,abstract_green (12).jpg
298,abstract_brown (48).jpg
299,abstract_green (14).jpg
300,abstract_brown (46).jpg
301,abstract_red (57).jpg
302,abstract_red (8).jpg
303,Fall (61).jpg
304,abstract_yellow (7).jpg
305,abstract_yellow (67).jpg
306,black_macro (28).jpg
307,abstract_blue (15).jpg
308,abstract_red (64).jpg
309,abstract_green (76).jpg
310,Flower (65).jpg
311,Flower (45).jpg
312,abstract_green (5).jpg
313,abstract_yellow (37).jpg
314,abstract_blue (34).jpg
315,red_macro (6).jpg
316,Fall (10).jpg
317,abstract_blue (14).jpg
318,abstract_red (16).jpg
319,abstract_yellow (46).jpg
320,abstract_brown (18).jpg
321,abstract_red (41).jpg
322,abstract_yellow (58).jpg
323,abstract_blue (33).jpg
324,yellow_macro (19).jpg
325,abstract_green (56).jpg
326,abstract_red (21).jpg
327,abstract_yellow (25).jpg
328,Flower (12).jpg
329,Fall (25).jpg
330,abstract_blue (12).jpg
331,yellow_macro (15).jpg
332,abstract_yellow (30).jpg
333,abstract_green (69).jpg
334,abstract_yellow (22).jpg
335,abstract_red (73).jpg
336,abstract_blue (39).jpg
337,yellow_macro (20).jpg
338,black_macro (24).jpg
339,abstract_red (7).jpg
340,abstract_green (70).jpg
341,yellow_macro (17).jpg
342,green_macro (3).jpg
343,Flower (61).jpg
344,Flower (90).jpg
345,Flower (68).jpg
346,blue_macro (20).jpg
347,Flower (55).jpg
348,abstract_green (77).jpg
349,Flower (58).jpg
350,abstract_yellow (1).jpg
351,abstract_green (36).jpg
352,abstract_brown (17).jpg
353,abstract_brown (2).jpg
354,abstract_red (68).jpg
355,abstract_blue (7).jpg
356,Fall (67).jpg
357,Fall (46).jpg
358,red_macro (28).jpg
359,green_macro (37).jpg
360,abstract_red (71).jpg
361,red_macro (35).jpg
362,abstract_red (32).jpg
363,abstract_brown (54).jpg
364,green_macro (28).jpg
365,abstract_blue (47).jpg
366,abstract_green (25).jpg
367,green_macro (4).jpg
368,Flower (74).jpg
369,Fall (3).jpg
370,abstract_brown (53).jpg
371,Fall (78).jpg
372,abstract_red (70).jpg
373,Fall (36).jpg
374,abstract_blue (25).jpg
375,Flower (70).jpg
376,Fall (66).jpg
377,Flower (37).jpg
378,abstract_red (34).jpg
379,Flower (29).jpg
380,black_macro (21).jpg
381,abstract_yellow (47).jpg
382,abstract_green (48).jpg
383,blue_macro (41).jpg
384,Fall (51).jpg
385,blue_macro (37).jpg
386,abstract_red (56).jpg
387,abstract_yellow (29).jpg
388,blue_macro (47).jpg
389,blue_macro (39).jpg
390,abstract_green (8).jpg
391,blue_macro (4).jpg
392,Flower (60).jpg
393,abstract_green (35).jpg
394,yellow_macro (13).jpg
395,Flower (24).jpg
396,abstract_yellow (3).jpg
397,red_macro (1).jpg
398,abstract_blue (61).jpg
399,abstract_blue (23).jpg
400,blue_macro (3).jpg
401,Fall (34).jpg
402,abstract_green (67).jpg
403,yellow_macro (16).jpg
404,abstract_yellow (65).jpg
405,Fall (4).jpg
406,abstract_green (82).jpg
407,blue_macro (23).jpg
408,Fall (50).jpg
409,abstract_yellow (33).jpg
410,abstract_yellow (60).jpg
411,Fall (32).jpg
412,Fall (70).jpg
413,abstract_yellow (23).jpg
414,black_macro (32).jpg
415,abstract_yellow (2).jpg
416,abstract_blue (11).jpg
417,abstract_brown (7).jpg
418,abstract_blue (55).jpg
419,Fall (45).jpg
420,blue_macro (31).jpg
421,Flower (88).jpg
422,Flower (50).jpg
423,abstract_blue (46).jpg
424,Flower (76).jpg
425,abstract_red (54).jpg
426,yellow_macro (29).jpg
427,abstract_green (78).jpg
428,red_macro (8).jpg
429,abstract_yellow (70).jpg
430,abstract_red (29).jpg
431,Flower (5).jpg
432,abstract_yellow (10).jpg
433,red_macro (7).jpg
434,abstract_yellow (69).jpg
435,black_macro (6).jpg
436,green_macro (20).jpg
437,green_macro (14).jpg
438,Flower (8).jpg
439,abstract_green (59).jpg
440,blue_macro (29).jpg
441,abstract_green (68).jpg
442,Flower (17).jpg
443,Fall (28).jpg
444,abstract_red (31).jpg
445,abstract_brown (57).jpg
446,abstract_green (74).jpg
447,Flower (83).jpg
448,Flower (43).jpg
449,yellow_macro (23).jpg
450,Flower (10).jpg
451,green_macro (26).jpg
452,red_macro (23).jpg
453,Fall (80).jpg
454,abstract_blue (56).jpg
455,abstract_blue (57).jpg
456,abstract_blue (13).jpg
457,Fall (64).jpg
458,abstract_green (51).jpg
459,Flower (79).jpg
460,abstract_brown (40).jpg
461,abstract_red (61).jpg
462,abstract_yellow (57).jpg
463,Flower (67).jpg
464,abstract_yellow (41).jpg
465,abstract_blue (27).jpg
466,abstract_red (48).jpg
467,Flower (31).jpg
468,green_macro (36).jpg
469,Flower (2).jpg
470,green_macro (8).jpg
471,Fall (72).jpg
472,abstract_brown (22).jpg
473,blue_macro (22).jpg
474,blue_macro (17).jpg
475,Flower (84).jpg
476,Flower (3).jpg
477,abstract_blue (63).jpg
478,black_macro (17).jpg
479,abstract_green (42).jpg
480,green_macro (22).jpg
481,Fall (2).jpg
482,abstract_blue (1).jpg
483,green_macro (18).jpg
484,abstract_yellow (38).jpg
485,abstract_green (33).jpg
486,abstract_red (49).jpg
487,abstract_red (28).jpg
488,abstract_yellow (50).jpg
489,abstract_red (13).jpg
490,Flower (4).jpg
491,Fall (71).jpg
492,Flower (34).jpg
493,green_macro (19).jpg
494,abstract_green (27).jpg
495,black_macro (29).jpg
496,black_macro (27).jpg
497,abstract_yellow (36).jpg
498,Fall (37).jpg
499,abstract_blue (59).jpg
500,red_macro (3).jpg
501,black_macro (7).jpg
502,abstract_yellow (8).jpg
503,Fall (35).jpg
504,abstract_green (73).jpg
505,abstract_blue (17).jpg
506,abstract_red (62).jpg
507,abstract_brown (43).jpg
508,abstract_green (75).jpg
509,Flower (89).jpg
510,Flower (15).jpg
511,abstract_blue (36).jpg
512,red_macro (13).jpg
513,abstract_brown (23).jpg
514,abstract_brown (33).jpg
515,abstract_brown (29).jpg
516,abstract_brown (16).jpg
517,abstract_blue (35).jpg
518,abstract_green (21).jpg
519,abstract_brown (38).jpg
520,abstract_red (66).jpg
521,Flower (21).jpg
522,abstract_blue (8).jpg
523,abstract_yellow (9).jpg
524,abstract_blue (51).jpg
525,green_macro (12).jpg
526,Fall (26).jpg
527,abstract_blue (22).jpg
528,abstract_green (22).jpg
529,abstract_green (62).jpg
530,Fall (48).jpg
531,Flower (41).jpg
532,red_macro (14).jpg
533,blue_macro (28).jpg
534,Flower (40).jpg
535,abstract_green (54).jpg
536,black_macro (23).jpg
537,Flower (69).jpg
538,abstract_brown (55).jpg
539,abstract_red (67).jpg
540,Fall (40).jpg
541,abstract_blue (20).jpg
542,Flower (66).jpg
543,yellow_macro (14).jpg
544,black_macro (20).jpg
545,yellow_macro (26).jpg
546,abstract_brown (30).jpg
547,abstract_red (23).jpg
548,black_macro (18).jpg
549,Fall (31).jpg
550,abstract_red (35).jpg
551,blue_macro (51).jpg
552,blue_macro (12).jpg
553,abstract_brown (61).jpg
554,abstract_green (24).jpg
555,abstract_green (47).jpg
556,abstract_red (37).jpg
557,abstract_blue (60).jpg
558,abstract_green (30).jpg
559,abstract_red (63).jpg
560,abstract_blue (5).jpg
561,red_macro (24).jpg
562,abstract_blue (42).jpg
563,abstract_brown (52).jpg
564,abstract_brown (9).jpg
565,Flower (11).jpg
566,abstract_yellow (52).jpg
567,black_macro (30).jpg
568,blue_macro (46).jpg
569,abstract_green (2).jpg
570,Fall (83).jpg
571,abstract_brown (34).jpg
572,abstract_brown (15).jpg
573,abstract_green (71).jpg
574,abstract_green (6).jpg
575,Flower (7).jpg
576,abstract_yellow (35).jpg
577,yellow_macro (27).jpg
578,abstract_red (55).jpg
579,abstract_green (3).jpg
580,abstract_green (16).jpg
581,Fall (33).jpg
582,abstract_green (45).jpg
583,blue_macro (13).jpg
584,green_macro (35).jpg
585,Flower (85).jpg
586,Fall (58).jpg
587,abstract_brown (25).jpg
588,Fall (53).jpg
589,black_macro (31).jpg
590,abstract_green (18).jpg
591,abstract_red (69).jpg
592,abstract_brown (45).jpg
593,blue_macro (19).jpg
594,abstract_green (66).jpg
595,abstract_brown (12).jpg
596,abstract_brown (27).jpg
597,abstract_blue (66).jpg
598,black_macro (2).jpg
599,blue_macro (16).jpg
600,yellow_macro (5).jpg
601,yellow_macro (18).jpg
602,abstract_blue (9).jpg
603,Flower (82).jpg
604,abstract_green (26).jpg
605,abstract_green (37).jpg
606,blue_macro (43).jpg
607,green_macro (27).jpg
608,abstract_blue (68).jpg
609,yellow_macro (28).jpg
610,abstract_blue (44).jpg
611,Fall (11).jpg
612,Flower (28).jpg
613,yellow_macro (9).jpg
614,abstract_yellow (24).jpg
615,abstract_blue (2).jpg
616,abstract_red (77).jpg
617,abstract_yellow (14).jpg
618,Fall (79).jpg
619,abstract_brown (58).jpg
620,abstract_yellow (27).jpg
621,abstract_yellow (34).jpg
622,red_macro (25).jpg
623,Fall (47).jpg
624,blue_macro (49).jpg
625,Flower (33).jpg
626,green_macro (31).jpg
627,abstract_brown (51).jpg
628,abstract_red (2).jpg
629,black_macro (25).jpg
630,abstract_green (79).jpg
631,Flower (39).jpg
632,abstract_red (30).jpg
633,Fall (38).jpg
634,Fall (12).jpg
635,abstract_yellow (11).jpg
636,black_macro (22).jpg
637,abstract_red (1).jpg
638,Fall (13).jpg
639,abstract_red (43).jpg
640,abstract_green (41).jpg
641,abstract_blue (65).jpg
642,Fall (8).jpg
643,yellow_macro (22).jpg
644,abstract_green (50).jpg
645,abstract_red (9).jpg
646,abstract_brown (26).jpg
647,abstract_brown (31).jpg
648,abstract_brown (49).jpg
649,blue_macro (32).jpg
650,abstract_yellow (51).jpg
651,abstract_yellow (15).jpg
652,abstract_brown (62).jpg
653,Flower (87).jpg
654,black_macro (15).jpg
655,abstract_red (60).jpg
656,abstract_green (43).jpg
657,green_macro (21).jpg
658,abstract_blue (53).jpg
659,abstract_green (64).jpg
660,Flower (9).jpg
661,abstract_green (60).jpg
662,blue_macro (33).jpg
663,Fall (62).jpg
664,red_macro (31).jpg
665,Fall (27).jpg
666,abstract_red (80).jpg
667,red_macro (15).jpg
668,abstract_green (15).jpg
669,abstract_brown (11).jpg
670,blue_macro (34).jpg
671,Fall (18).jpg
672,abstract_blue (19).jpg
673,abstract_yellow (40).jpg
674,red_macro (20).jpg
675,Fall (17).jpg
676,red_macro (9).jpg
677,green_macro (17).jpg
678,Fall (44).jpg
679,Fall (5).jpg
680,green_macro (2).jpg
681,abstract_green (23).jpg
682,Flower (42).jpg
683,black_macro (12).jpg
684,Flower (36).jpg
685,abstract_brown (68).jpg
686,abstract_green (63).jpg
687,abstract_blue (21).jpg
688,abstract_green (49).jpg
689,abstract_yellow (6).jpg
690,yellow_macro (25).jpg
691,blue_macro (6).jpg
692,abstract_red (14).jpg
693,blue_macro (10).jpg
694,Fall (43).jpg
695,Flower (80).jpg
696,abstract_brown (67).jpg
697,abstract_blue (38).jpg
698,black_macro (10).jpg
699,abstract_red (45).jpg
700,Flower (52).jpg
701,abstract_yellow (4).jpg
702,abstract_brown (39).jpg
703,abstract_brown (1).jpg
704,Flower (53).jpg
705,abstract_yellow (53).jpg
706,abstract_blue (6).jpg
707,abstract_brown (21).jpg
708,Fall (76).jpg
709,abstract_yellow (19).jpg
710,abstract_red (20).jpg
711,abstract_green (20).jpg
712,Flower (49).jpg
713,Flower (46).jpg
714,abstract_brown (47).jpg
715,yellow_macro (8).jpg
716,Flower (71).jpg
717,abstract_blue (28).jpg
718,Fall (19).jpg
719,Fall (24).jpg
720,abstract_green (80).jpg
721,abstract_red (75).jpg
722,Fall (15).jpg
723,Flower (72).jpg
724,Flower (56).jpg
725,abstract_green (29).jpg
726,abstract_brown (32).jpg
727,blue_macro (15).jpg
728,blue_macro (42).jpg
729,abstract_blue (58).jpg
730,abstract_green (28).jpg
731,Flower (86).jpg
732,Fall (54).jpg
733,red_macro (22).jpg
